candidate_id,district,lat,lon,original_lat,original_lon,priority_level,priority_score,gnn_probability,reward_signal,score_drop_penalty,low_impact_penalty,water_penalty,remote_penalty,is_water_cell,is_remote_cell,topo_nearest_m,effective_walk_dist_m,nearest_stop_dist_m,cell_population,terrain_penalty,nearest_ramp_dist_m,road_node,road_connector_m
CAND_0001,Kwai Tsing,22.341259,114.0956496,22.34148000000005,114.09743000000012,High Priority,0.43610954577507277,0.7274350523948669,0.5995158150605359,0.0,9.192646643896296e-14,0.0,0.0,0,0,124.27750512288924,4685.519802743566,1930.0906015014364,91.0559187008707,2.4276165062399944,3340.314499512141,1700638678,184.75242196107874
CAND_0002,Kwai Tsing,22.3503119,114.0866458,22.350480000000065,114.08643000000006,High Priority,0.43278413591946574,0.8189066052436829,0.5577141590044731,0.0,0.023932491633828157,0.0,0.0,0,0,101.07159019587239,4425.1851386005055,1846.0484752090515,93.22674275559686,2.3971121008073126,3256.2723732197564,525275380,29.01591958922982
CAND_0003,Kwai Tsing,22.3520639,114.0868235,22.352480000000067,114.08743000000008,High Priority,0.41581780080338127,0.8108282685279846,0.5493811866129505,0.0,0.029636806328115616,0.0,0.0,0,0,105.7739407515675,4363.134313603651,1985.4805183727408,95.0254867901573,2.1975205866938383,2966.929533651863,7745940717,77.66001376983095
CAND_0004,Tuen Mun,22.3854265,113.9589395,22.386350000000075,113.95687000000044,High Priority,0.41574308815199595,0.7889460921287537,0.5413854166089082,0.0,0.011381609563191508,0.0,0.0,0,0,75.51122672371386,4561.712071047124,1824.6848284188493,45.46684773708876,2.5,1978.7954885360436,1235478922,236.25967807089293
CAND_0005,Tuen Mun,22.4252195,113.9741089,22.427350000000125,113.97387000000052,High Priority,0.3976964339904106,0.7756169438362122,0.5334761227257226,0.0,0.016077461544650274,0.0,0.0,0,0,33.51671861470115,4510.631177876129,1987.2153837271887,46.28927407494181,2.269825009816532,1987.2153837271887,1735279293,238.1700104468529
CAND_0006,Kwai Tsing,22.3553584,114.1369705,22.356480000000072,114.1354300000003,High Priority,0.35285422293595425,0.7216156125068665,0.5384980833300231,0.0,0.035735122915626506,0.0,0.0,0,0,49.585756898100655,4296.797585069721,1956.1734290687407,95.56016426115592,2.196532025851748,3062.336045906264,1704549575,201.62181138856027
CAND_0007,Sha Tin,22.4119903,114.2335345,22.413170000000083,114.23431000000043,High Priority,0.34044419710955787,0.752199113368988,0.5132034228971537,0.0,0.04558771477072436,0.0,0.0,0,0,34.239527516336736,4189.62231762202,1991.0579445198064,85.94062326350308,2.1042191811411355,2459.317821937928,11203944675,153.500041638268
CAND_0008,Wong Tai Sin,22.3406765,114.2157304,22.33943000000001,114.2174600000002,High Priority,0.3223365740735989,0.7494975328445435,0.5796566427579714,0.0,0.1121153990679844,0.0,0.0,0,0,79.57951599485988,3465.942451237839,1400.0681759678782,295.2597177274351,2.475552627172463,2066.383104342248,5291165824,225.51114140621604
CAND_0009,Tsuen Wan,22.3292613,114.0327997,22.33053000000002,114.0345800000002,High Priority,0.31066808890423603,0.8131797909736633,0.451035292750902,0.0,0.05610550935647848,0.0,0.0,0,0,84.17013261124012,4075.2110576950263,1962.654056724348,36.169705049903634,2.076377670192432,1989.4997547303567,1834171360,231.15560818284123
CAND_0010,Sha Tin,22.3969015,114.1764984,22.396170000000065,114.17431000000016,High Priority,0.31018010909666177,0.6935999989509583,0.5151117466531625,0.0,0.047102091441597015,0.0,0.0,0,0,55.23463055510239,4173.1491167522045,1964.5347565443412,85.89318591390149,2.124242955157924,1438.6786448682678,1095991426,239.23567738675246
CAND_0011,Sai Kung,22.3898718,114.2603394,22.38946000000029,114.25812000000018,High Priority,0.30684099387816643,0.8115330934524536,0.4532839988288505,0.0,0.06101478343700237,0.0,0.0,0,0,34.72478415167464,4021.8085855037134,1962.2428227687951,38.03164879978877,2.049597806569524,891.3408465071499,1157190772,232.73107467954554
CAND_0012,Yuen Long,22.4089684,114.0639727,22.40722000000002,114.0642300000009,High Priority,0.30269053175224686,0.795211911201477,0.45214462089872465,0.0,0.05686105158400647,0.0,0.0,0,0,74.53978533366144,4066.9923634169872,1822.1408281436425,42.66959332597786,2.231985750278342,3258.942479800852,4790604951,196.20424595847166
CAND_0013,Sha Tin,22.4078918,114.1997155,22.40817000000008,114.19831000000028,High Priority,0.27010925870140745,0.679620087146759,0.48579394019731714,0.0,0.06004674089094781,0.0,0.0,0,0,105.64510709179848,4032.338831788144,1783.1463384416018,86.03394427531946,2.2613616980602087,2866.7137061429976,1699191510,147.7583097293319
CAND_0014,Yuen Long,22.4409698,113.9796193,22.44122000000006,113.9782300000005,High Priority,0.26900100990563697,0.7567839026451111,0.44010293375897347,0.0,0.06406256265394439,0.0,0.0,0,0,56.393384660045356,3988.655222662616,1998.2652924696804,43.91584315415052,1.996058900534167,3230.377248759455,689765428,145.46964095072065
CAND_0015,Central & Western,22.2754764,114.1442281,22.275080000000028,114.14387000000016,High Priority,0.2617881105862652,0.7110562324523926,0.5042984949732929,0.0,0.09679718833708877,0.0,0.0,0,0,91.98343772105731,3632.572040289022,1979.091512097389,71.69696346759314,2.085766498326822,57.450572340446826,4093280457,57.450572340446826
CAND_0016,Sai Kung,22.3703842,114.2478981,22.36946000000027,114.24612000000012,High Priority,0.25834421180316963,0.7642853260040283,0.4281023707586183,0.0,0.06884891248050436,0.0,0.0,0,0,11.021006267600614,3936.589905200551,1930.221676788008,38.3568577404399,2.039449640702019,2430.160347930432,12228195903,209.73844566375723
CAND_0017,Kwai Tsing,22.3487927,114.0874872,22.349480000000064,114.08843000000007,High Priority,0.257729830807032,0.7696176171302795,0.44824048263661653,0.0,0.08724471095870441,0.0,0.0,0,0,47.96851692114457,3736.4826998264657,1660.790209963557,100.25002563003812,2.249822209578449,3071.0141079742625,3080352396,123.45799259664228
CAND_0018,Kwai Tsing,22.3344197,114.1077724,22.335480000000047,114.10643000000016,High Priority,0.25028939876045597,0.6915825009346008,0.47190088711063155,0.0,0.07606968852327224,0.0,0.0,0,0,28.59641965291543,3858.043202470428,1902.0970630280767,100.86601494287244,2.028310372515138,2081.646048233761,598457054,181.55893112861855
CAND_0019,Sha Tin,22.394067,114.1881373,22.39517000000006,114.18831000000024,High Priority,0.24841286755703962,0.6887600421905518,0.4663248079639594,0.0,0.07277371561076018,0.0,0.0,0,0,57.146481549726836,3893.896385429193,1904.3744267340585,88.70429548493192,2.0447115497697066,2294.81708278138,1490642151,123.92649359520775
CAND_0020,Wan Chai,22.2739845,114.1684853,22.274040000000024,114.16916000000003,High Priority,0.2476795969785202,0.6851619482040405,0.46192363450563895,0.0,0.06881358552280271,0.0,0.0,0,0,75.84157375515407,3936.9741874478486,1574.7896749791394,72.92330852734877,2.5,1713.2372131040474,257171709,69.6988645038232
CAND_0021,Tuen Mun,22.3859813,113.9593983,22.38735000000008,113.95787000000044,Medium Priority,0.23518964844404217,0.7861505150794983,0.40874012096114176,0.0,0.08614239433373096,0.0,0.0,0,0,86.20350361272342,3748.4735628228304,1719.3199202351736,49.88226467671347,2.1802071381282566,1873.430580352368,1716515355,218.75310890371023
CAND_0022,Yuen Long,22.4107049,114.0650726,22.409220000000023,114.06623000000091,Medium Priority,0.22630809335424498,0.7776859402656555,0.40107040352645673,0.0,0.08559949821089366,0.0,0.0,0,0,75.76575880903331,3754.379119250736,1796.0427191392805,44.42586623938331,2.0903618155864083,3232.84437079649,3209882781,203.51444462892758
CAND_0023,Yuen Long,22.4705276,114.0680101,22.469220000000096,114.06623000000091,Medium Priority,0.22195521264292348,0.7573662996292114,0.4037520582601068,0.0,0.08383374705551103,0.0,0.0,0,0,89.30271955672332,3773.5867404642654,1626.486997909192,43.664949715605744,2.320084172400465,3159.227125451746,5113773769,233.6601440249867
CAND_0024,Yuen Long,22.4260697,114.0021006,22.42422000000004,114.0032300000006,Medium Priority,0.2144746668879807,0.7550339102745056,0.4007572796555558,0.0,0.08811142407523745,0.0,0.0,0,0,62.522441638264084,3727.054702459783,1842.694731698058,44.826980967313,2.02261103716581,1842.694731698058,1788866059,236.17635227855504
CAND_0025,Kwai Tsing,22.3451393,114.0907882,22.34648000000006,114.09143000000007,Medium Priority,0.19177152099752415,0.6876350045204163,0.4256676652165753,0.0,0.10093315353287514,0.0,0.0,0,0,80.3456754437912,3587.5815258607363,1748.4707011274131,103.24647169202744,2.051839658249615,3158.6945991381185,525275919,163.03781545685473
CAND_0026,Yuen Long,22.4688685,114.0704227,22.46822000000009,114.07023000000092,Medium Priority,0.19150009908849108,0.7548958659172058,0.3818547898903385,0.0,0.09676125807627456,0.0,0.0,0,0,117.29147337069718,3632.962885192461,1986.6291150552984,46.31055390695579,1.8287071591072177,3519.369242597852,2146400013,74.7790554842214
CAND_0027,Central & Western,22.2700601,114.1603506,22.271080000000023,114.16187000000023,Medium Priority,0.19094456720173147,0.699852466583252,0.41075087077425587,0.0,0.09652114271331663,0.0,0.0,0,0,122.15920976717577,3635.574830213811,1565.0587240648351,73.89168579473765,2.3229638443031364,1968.4653048320324,8050584899,193.14656759144953
CAND_0028,Sha Tin,22.3823781,114.2217214,22.384170000000047,114.2213100000004,Medium Priority,0.1894999046511014,0.6740602254867554,0.42541703309257284,0.0,0.09725747066141023,0.0,0.0,0,0,47.17749928290926,3627.565146475078,1991.5973008626252,93.4099083406983,1.8214350586355292,2368.2394820893305,11583976498,203.69055620288609
CAND_0029,Wan Chai,22.2702263,114.2016024,22.269040000000015,114.20016000000018,Medium Priority,0.17331986631031165,0.678245484828949,0.42726494272240495,0.0,0.11647133016234379,0.0,0.0,0,0,95.97745241276083,3418.5591751529605,1530.830915254247,77.86954740927588,2.233139624427556,198.57034890434028,1839454922,198.5703489045752
CAND_0030,Sha Tin,22.3813605,114.2220085,22.381170000000044,114.2223100000004,Medium Priority,0.12421550823103572,0.6793220043182373,0.3722162868342042,0.0,0.12863988510307212,0.0,0.0,0,0,100.1829326148557,3286.191149621708,1911.949772445816,97.98082378712527,1.7187643718369894,2288.5919536725214,11121644936,37.54588548267927
CAND_0031,Kwai Tsing,22.3364829,114.1081494,22.336480000000048,114.10643000000016,Medium Priority,0.10928230286065296,0.6864866614341736,0.36278768051261046,0.0,0.139767287230558,0.0,0.0,0,0,64.18242742084836,3165.148654758352,1417.6540356806554,106.88977289263676,2.232666486389026,1614.0275096511868,12624999493,176.84357633279882
CAND_0032,Kwai Tsing,22.3387057,114.0950845,22.33748000000005,114.09643000000013,Medium Priority,0.10553967162315234,0.6231439709663391,0.37645211710588966,0.0,0.12904481865286802,0.0,0.0,0,0,52.08719263975919,3281.786332885544,1435.0507616982682,105.172995858861,2.286878220950046,2845.274659708973,11011648277,194.2316397442169
CAND_0033,Kwai Tsing,22.3609602,114.0896609,22.36048000000008,114.08743000000008,Medium Priority,0.09335449791208084,0.6011355519294739,0.3764139489598911,0.0,0.13292191018542804,0.0,0.0,0,0,55.376538041751694,3239.6118139333216,1711.5799594471353,108.733627933071,1.8927610106978363,1711.5799594471353,4785998144,235.54404654291525
CAND_0034,Wan Chai,22.2728444,114.1660889,22.272040000000025,114.16716000000002,Medium Priority,0.08376947266609108,0.6937606334686279,0.3301704423610215,0.0,0.14529047633954176,0.0,0.0,0,0,66.69373127337987,3105.0680913263773,1305.7268284978163,80.42618111637456,2.3780380578521365,1444.1743666227246,257171718,141.94292708305883
CAND_0035,Sha Tin,22.3801305,114.2198107,22.37917000000004,114.22031000000038,Medium Priority,0.06801222692973719,0.6397395133972168,0.3374110156307561,0.0,0.1478435717642568,0.0,0.0,0,0,86.47910296639714,3077.295837183752,1540.5288043232738,96.85326834039488,1.9975581297459424,1917.1709855499792,6172759533,118.50067018996673
CAND_0036,Central & Western,22.2808678,114.1447047,22.279080000000032,114.14587000000016,Medium Priority,0.05284448970086905,0.7040174007415771,0.3009938129546665,0.0,0.15906109615217243,0.0,0.0,0,0,75.4682301508613,2955.273003592618,1182.1092014370472,79.92672223270856,2.5,2091.3820817106525,1680951625,232.15420173292188
CAND_0037,Kwai Tsing,22.3343924,114.1079951,22.334480000000045,114.10843000000015,Medium Priority,0.04769746774520639,0.6880654096603394,0.31642323018583923,0.0,0.17002309982407057,0.0,0.0,0,0,86.55832089661466,2836.029692535286,1805.4922693412632,119.19133892162324,1.5707791945129823,1985.0412545469476,598457987,45.7791677427205
CAND_0038,Sham Shui Po,22.3220851,114.1309564,22.32175000000001,114.13133,Medium Priority,0.037163324681456694,0.587289035320282,0.3919997994961808,0.0,0.19305444669943458,0.0,0.0,0,0,98.51402497683142,2585.4975688717304,1905.0945591563611,252.55967772572453,1.35714920629277,2389.445452469632,11309125977,53.52787960495563
CAND_0039,Wong Tai Sin,22.3500383,114.1941228,22.349430000000023,114.19246000000008,Medium Priority,0.021950712924619337,0.6356385350227356,0.4137240229272755,0.0,0.24102885455112175,0.0,0.0,0,0,79.47895760006486,2063.637933583041,982.3163163651684,364.6511697483006,2.100787596829349,982.3163163651684,2092336418,183.8969092271747
CAND_0040,Central & Western,22.2735129,114.152083,22.274080000000023,114.1498700000002,Low Priority,0.021913904375489845,0.6719773411750793,0.2856210943871901,0.0,0.1700176711916717,0.0,0.0,0,0,88.58491793938812,2836.088744522599,1180.0102422480386,81.33373241115288,2.4034441761450847,1447.7926662136206,1685959569,236.28296522761102
CAND_0041,Sha Tin,22.425851,114.2437279,22.424170000000096,114.24331000000048,Low Priority,0.021516203939357936,0.6254899501800537,0.3051920338681145,0.0,0.16937897161010843,0.0,0.0,0,0,103.64889761138373,2843.036439045981,1331.4018102090204,98.8452240635515,2.135370717724685,1153.4290089480323,262134352,191.79069487470835
CAND_0042,Central & Western,22.2730593,114.1634487,22.272080000000024,114.16287000000024,Low Priority,0.02151609571288568,0.6971637606620789,0.280014289652404,0.0,0.17370041666406558,0.0,0.0,0,0,24.958427283093997,2796.02829781472,1165.922313160081,81.80360838001324,2.398125729523477,1357.6125181741927,2251798415,124.11139038382416
CAND_0043,Kwai Tsing,22.3323091,114.1117414,22.332480000000043,114.11043000000018,Low Priority,0.01393137677314793,0.6132021546363831,0.3083478990680178,0.0,0.17514883251511718,0.0,0.0,0,0,97.03214159228234,2780.272610530097,1815.4947286398367,120.86845358645468,1.531413210223457,2028.1303304113887,1296357169,136.21578966302496
CAND_0044,Sha Tin,22.4053403,114.2038043,22.40417000000007,114.2023100000003,Low Priority,0.005845404465785353,0.6193689703941345,0.2910618748567391,0.0,0.17442990865418997,0.0,0.0,0,0,92.37937437627663,2788.092974775627,1544.8462709277012,102.17542443367849,1.8047704986861504,2628.413638629097,1699191397,201.32576206701006
CAND_0045,Kwai Tsing,22.348124,114.0874695,22.348480000000063,114.08543000000006,Low Priority,-0.0005789465688321449,0.6870575547218323,0.27839751954881786,0.0,0.19185475264822116,0.0,0.0,0,0,82.9003959651974,2598.547691386212,1769.615223817039,125.01009299353184,1.4684252578824313,3179.8391218277434,1705336794,213.45109289751505
CAND_0046,Kwai Tsing,22.350575,114.1306847,22.350480000000065,114.12943000000028,Low Priority,-0.008513099491900544,0.6157112717628479,0.2868103991227184,0.0,0.18510611080183123,0.0,0.0,0,0,88.82355030515504,2671.9585771138445,1456.6008860468744,116.93636897869122,1.8343793435176168,1971.9833748844767,1704632390,129.46674791657472
CAND_0047,Sha Tin,22.3673681,114.1669946,22.366170000000025,114.16631000000012,Low Priority,-0.012653628378283599,0.5782979726791382,0.28625637143222804,0.0,0.1781956859420001,0.0,0.0,0,0,30.65977911790799,2747.1293183179914,1504.4123068301683,102.44946244603868,1.8260481557122168,2038.028529512047,4449139998,150.6784975195904
CAND_0048,Kwai Tsing,22.3476903,114.1416838,22.349480000000064,114.14043000000032,Low Priority,-0.014990313857352028,0.6003668904304504,0.28640234124365144,0.0,0.1869373972486942,0.0,0.0,0,0,89.39402657336522,2652.0380711594303,1641.2779330122348,120.69763799518836,1.6158372800956076,2073.8098529621902,5179177517,237.12834009775037
CAND_0049,Wong Tai Sin,22.3394622,114.2132956,22.33843000000001,114.21446000000016,Low Priority,-0.01550016354731032,0.6957733035087585,0.3730171919846626,0.0,0.2750362632533433,0.0,0.0,0,0,77.11862792017189,1693.709576002894,902.4150880982888,395.2411844558623,1.876863095864394,1544.6506402590358,5166587280,165.87790530639901
CAND_0050,Sha Tin,22.4022079,114.1954869,22.40417000000007,114.19631000000028,Low Priority,-0.02398422752707083,0.6519973278045654,0.26143719919323677,0.0,0.19444123478709888,0.0,0.0,0,0,75.86376402833645,2570.412260723925,1068.605014515655,102.12630381610457,2.405390416297984,1221.3601901312093,1311402320,234.00975519179124
CAND_0051,Sham Shui Po,22.3299276,114.1471389,22.32975000000002,114.14733000000008,Low Priority,-0.024814211679106357,0.5607075095176697,0.36066714187249865,0.0,0.22704354727080062,0.0,0.0,0,0,26.09704683033523,2215.7683648594734,1992.949803087095,286.0704619599449,1.1118033988749896,2085.300086495709,506473444,27.86299882842014
CAND_0052,Sham Shui Po,22.3225518,114.1402785,22.320750000000007,114.14133000000004,Low Priority,-0.037120395136346684,0.5926088690757751,0.33470464462823163,0.0,0.23546992867276131,0.0,0.0,0,0,8.504733422047408,2124.107237142689,1702.47872052787,275.09191898510943,1.2476556749467562,2284.576974259672,1231891391,227.6820999734137
CAND_0053,Sham Shui Po,22.3302349,114.1424809,22.32975000000002,114.14233000000006,Low Priority,-0.04657519910535643,0.5658116936683655,0.34060496978234883,0.0,0.23929403974146332,0.0,0.0,0,0,91.17705824597861,2082.5090330796847,1828.55165277596,287.174785382016,1.138884444373331,1769.7555644776398,1645492100,56.10792272103711
CAND_0054,Eastern,22.2704528,114.2376376,22.27073000000003,114.23633000000024,Low Priority,-0.048484005414132364,0.5615747570991516,0.28792243566669046,0.0,0.21017453886180726,0.0,0.0,0,0,56.144012925041714,2399.267337962265,1249.7284709008431,164.34052201591444,1.9198309023341675,1249.7284709008431,316734695,138.03774222416635
CAND_0055,Wong Tai Sin,22.3359834,114.2088635,22.33743000000001,114.21046000000015,Low Priority,-0.05220404374477322,0.6320538520812988,0.36808013760600766,0.0,0.28485114464711697,0.0,0.0,0,0,82.9208799116696,1586.9445182581255,875.5624088498114,405.7760739005369,1.8124858973135065,1136.0194981285897,1686529488,229.86228432279333
CAND_0056,Kwai Tsing,22.3231921,114.122304,22.32248000000003,114.12043000000024,Low Priority,-0.060299258613503104,0.5623378753662109,0.2546982052644816,0.0,0.20352626855939412,0.0,0.0,0,0,54.42457397165961,2471.5863945318383,1517.9224373896225,123.19570326121402,1.6282692274990254,3631.638967669519,1645491862,208.39231017051637
CAND_0057,Sham Shui Po,22.3452261,114.1630214,22.34575000000004,114.16133000000016,Low Priority,-0.07018969852394155,0.5669950842857361,0.3053659891012151,0.0,0.24333128024746645,0.0,0.0,0,0,76.84722533433848,2038.592433534592,918.2679280338804,248.56532557190877,2.2200409829181966,1006.3631687917692,1645493425,183.44757823989443
CAND_0058,Sham Shui Po,22.3281177,114.1398537,22.327750000000016,114.14033000000003,Low Priority,-0.07211022369465692,0.5777757167816162,0.3149909188316481,0.0,0.25410490537802904,0.0,0.0,0,0,101.62362001480453,1921.3982807947843,1660.3382805953245,291.0271920593806,1.15723301886761,2222.5982854129693,1645491986,63.81098448605524
CAND_0059,Kwun Tong,22.3148119,114.2450613,22.31429000000004,114.2437100000002,Low Priority,-0.12786332696683542,0.5373780727386475,0.29033767001531335,0.0,0.28388496190116663,0.0,0.0,0,0,92.0977529093874,1597.4545338685869,881.5307270302761,321.7042399220441,1.8121370984425396,1658.7819770034614,919341008,150.63296024899435
